block_number,price0,price1
15988366,16529.62258915652,1203.0590667823833
15988416,16539.268987464697,1203.2400726964108
15988466,16544.336095580336,1204.5529349805743
15988516,16542.956053265694,1204.4332490601587
15988566,16535.865160476056,1203.8787625341345
15988616,16535.451848221033,1202.8116660422245
15988666,16535.280475114236,1203.3167418983926
15988716,16526.994175803356,1203.3659274887182
15988766,16514.126295896305,1202.8720894871865
15988816,16507.349582291925,1202.4172678949826
15988866,16505.236113462728,1200.2556593541603
15988916,16462.513070283992,1195.119777634692
15988966,16446.53724881611,1192.7016646363031
15989016,16448.532636220956,1191.864466390659
15989066,16444.994217600586,1191.288388114488
15989116,16442.78548518882,1191.525701525775
15989166,16439.94076339135,1192.4893822344306
15989216,16462.75375229011,1192.0862119242092
15989266,16472.93191585582,1192.4500766627614
15989316,16474.310717458746,1192.2698037484827
15989366,16485.73799603282,1194.1378437369542
15989416,16504.487012810325,1197.0807060003856
15989466,16527.50963173794,1198.27457588671
15989516,16538.946288306925,1199.3958807054776
15989566,16544.026795791036,1199.5108649439464
15989616,16547.29081067138,1201.315790588942
15989666,16547.99335097681,1201.5805298018954
15989716,16546.593032727098,1201.994390463098
15989766,16535.276744406958,1200.5054473888233
15989816,16525.86933491107,1200.0577052375759
15989866,16516.59284947966,1199.2517495008915
15989916,16513.875812721795,1200.3119929254337
15989966,16506.404655569942,1198.7279257312427
15990016,16470.241954995025,1195.9224428792197
15990066,16457.115110726885,1195.1241709596754
15990116,16472.089416528717,1193.4232646817297
15990166,16465.60032817905,1191.5721689481286
15990216,16423.148773777277,1190.1427170123418
15990266,16423.30749406786,1189.7092982108798
15990316,16424.591163875568,1190.4617264334638
15990366,16429.438077197414,1190.2618391105163
15990416,16434.891473388463,1191.6855835306096
15990466,16448.158170356153,1193.5557083511085
15990516,16460.84496579269,1193.5215807591992
15990566,16457.26973646146,1193.194639232987
15990616,16459.838881738993,1199.6229538009347
15990666,16554.243485090545,1206.3727446110815
15990716,16582.28174373533,1207.9628814600946
15990766,16565.91474638007,1204.5921872977324
15990816,16499.293712062336,1198.8963976653858
15990866,16485.51418955417,1197.9783773695397
15990916,16499.515731874046,1199.8717362001191
15990966,16510.81535625506,1202.4013673583027
15991016,16517.777660259224,1205.9420870285626
15991066,16543.04971145025,1207.220992758223
15991116,16570.396032543707,1209.0387603614327
15991166,16587.92313670899,1210.4882717472212
15991216,16595.406533515357,1210.1915335737294
15991266,16581.668005861273,1207.8967924825315
15991316,16578.168060952717,1206.8651730854938
15991366,16573.229164729437,1206.4590235441483
15991416,16586.387448516427,1208.2155375902032
15991466,16604.815707311976,1208.962009320561
15991516,16617.26514089003,1209.6792252444911
15991566,16623.005888895488,1210.5980802846086
15991616,16638.15419515479,1210.9461065784017
15991666,16646.562100244326,1211.0210709211324
15991716,16652.92137111648,1210.6616582666384
15991766,16645.61048935029,1209.7169154787746
15991816,16636.155736342633,1208.6757115330008
15991866,16626.472245810353,1207.9959616882068
15991916,16617.50272192974,1206.792159115574
15991966,16614.267051934094,1206.2451178501904
15992016,16604.77908956308,1205.3758757602452
15992066,16605.723917092724,1204.9657838473704
15992116,16595.63351279151,1204.65408444013
15992166,16611.824467520848,1204.933536871167
15992216,16604.97397104508,1202.8519712474838
15992266,16605.559203245073,1202.0580032334499
15992316,16605.620975000995,1202.2271558283953
15992366,16618.978659821336,1203.645344779229
15992416,16619.374534566177,1205.4767073083603
15992466,16621.38666044342,1206.5764617784725
15992516,16632.11749341246,1206.2547530531217
15992566,16635.499776580335,1206.7777005723003
15992616,16634.0980658238,1206.5377172314472
15992666,16632.115809456438,1206.570050593097
15992716,16631.902052104793,1206.912792025764
15992766,16634.361121909922,1205.8725742109032
15992816,16642.603025510823,1206.6363832662996
15992866,16649.862595927338,1206.1392495446353
15992916,16649.489052471716,1206.460627562122
15992966,16644.06505972938,1205.2059216639163
15993016,16633.38444251234,1203.6877062816352
15993066,16621.445712905166,1202.4743564084786
15993116,16611.931613959183,1201.0436792798437
15993166,16612.919821907835,1200.6006069678353
15993216,16616.42907423895,1200.8425523772848
15993266,16678.346526251655,1204.145932872431
15993316,16707.764423078035,1205.4267339472447
15993366,16742.16594484791,1208.7844103192538
15993416,16766.18695142038,1211.3575302549557
15993466,16785.150528286213,1212.4188269368876
15993516,16820.715129375192,1213.8345160202464
15993566,16831.827763066933,1213.8628908420499
15993616,16829.67484977706,1212.966236256022
15993666,16822.53337580042,1212.884220753537
15993716,16821.079744409115,1212.4895955276093
15993766,16813.69686480864,1212.2519553162142
15993816,16820.712981781297,1212.557746487493
15993866,16827.95351305787,1212.7089084354363
15993916,16832.67475508708,1212.072059149425
15993966,16833.879399892183,1212.6163131762262
15994016,16834.815238281382,1214.7715308141262
15994066,16835.86515311162,1223.354184177935
15994116,16856.222533761178,1225.4642394607192
15994166,16865.820855709993,1224.7819595537637
15994216,16867.21360989834,1224.6053997511985
15994266,16861.146505959656,1224.028406003735
15994316,16875.09628719055,1223.7930421319832
15994366,16857.005009371922,1223.5443249956693
15994416,16840.97572379194,1222.4620945754416
15994466,16801.57869430679,1220.430615399739
15994516,16771.718459724158,1219.2162845325922
15994566,16754.964107663924,1218.3509872455304
15994616,16745.85994938968,1218.4532030133366
15994666,16765.965347949477,1219.3951119834858
15994716,16787.2476207926,1219.521488714521
15994766,16798.49904244699,1220.8182340519215
15994816,16805.4916216561,1221.3440571595706
15994866,16816.277825799436,1221.9561623868178
15994916,16816.277825799436,1221.9561623868178
15994966,16786.15425575779,1221.3098498247953
15995016,16775.97147575331,1219.7893214612477
15995066,16762.160438590927,1217.6583499947385
15995116,16755.29789405645,1216.9708973449933
15995166,16749.655580262723,1215.6799605149365
15995216,16734.533044944706,1215.9429349239701
15995266,16736.24199216975,1216.204692556271
15995316,16742.739105288183,1217.701705351921
15995366,16744.229491204907,1218.373304574028
15995416,16745.359242444458,1218.061734277212
15995466,16727.070298361512,1216.7191306431066
15995516,16721.193053858966,1216.052089343818
15995566,16714.55652243326,1215.135907063466
15995616,16701.95131146292,1213.2227252959983
15995666,16699.254712632955,1212.2127697898225
15995716,16697.290189414078,1211.3655540835377
15995766,16686.562310942118,1210.8609572590256
15995816,16674.007686790115,1211.4055048488476
15995866,16679.484472576627,1211.3971783896254
15995916,16682.381940600306,1212.2153607345565
15995966,16683.71083885106,1212.917493379698
15996016,16684.71197955117,1213.0706041753124
15996066,16692.19631377551,1213.6006845933737
15996116,16696.862053252273,1214.8036180940044
15996166,16699.468825781056,1215.3980252275167
15996216,16704.33338451831,1215.9877533737995
15996266,16719.848463324488,1217.5351212660896
15996316,16730.16203129484,1218.4214283206554
15996366,16745.71246651252,1219.947342286181
15996416,16736.414898358777,1218.8481575454275
15996466,16723.138840767115,1219.4676618972123
15996516,16723.138840767115,1219.4676618972123
15996566,16713.85779054919,1219.5091428709795
15996616,16711.347783102945,1219.333002465042
15996666,16709.984718934287,1218.6136713629817
15996716,16709.50419630997,1217.3288041917988
15996766,16710.53502443596,1217.1786475334445
15996816,16712.729501634276,1217.8641300275178
15996866,16713.10061944777,1218.4086946507005
15996916,16720.68222422861,1219.2199118518097
15996966,16720.68222422861,1219.2199118518097
15997016,16728.140755376382,1219.1338889143747
15997066,16729.92819612736,1218.8819379896108
15997116,16733.95167540389,1218.7982234155709
15997166,16734.007897160092,1219.156714655676
15997216,16734.022522424733,1221.4210173265906
15997266,16734.026828228183,1221.569133687192
15997316,16734.032056957323,1222.4412349409931
15997366,16726.519497694164,1221.0182297543022
15997416,16718.641466661673,1220.166619261708
15997466,16716.279391184995,1220.0627174308827
15997516,16734.229199223468,1220.5821557006072
15997566,16712.837318853923,1218.3934582007132
15997616,16701.431071087994,1216.7508299739522
15997666,16692.075447214138,1214.6270624584342
15997716,16690.135534885754,1214.3877869089958
15997766,16660.72516792419,1212.6261224952555
15997816,16660.869286660338,1213.1068405685087
15997866,16660.956507002065,1213.64858000815
15997916,16660.977543171677,1213.5160684000452
15997966,16661.005625839676,1213.0044975539263
15998016,16657.310669360526,1212.5815695265471
15998066,16652.647682840823,1212.1390654946867
15998116,16664.19206146274,1212.2800377013905
15998166,16669.46376718593,1211.507311986333
15998216,16664.816803540147,1211.3209906716443
15998266,16639.54128590911,1210.244291504732
15998316,16581.446815610238,1207.9813839125156
15998366,16567.13892375121,1205.8095897703704
15998416,16559.380670419534,1205.3880865719655
15998466,16559.380670419534,1205.3880865719655
15998516,16550.60914288745,1206.171700810563
15998566,16545.164180880976,1205.5176244586473
15998616,16535.23813212167,1203.973750111446
15998666,16542.184466427687,1205.1387053110852
15998716,16548.760542187,1204.8720425133238
15998766,16534.240241125375,1205.0765024186069
15998816,16526.476788723434,1205.5908072603663
15998866,16523.484854149337,1205.0803294982861
15998916,16521.98888676389,1205.7419237583051
15998966,16521.41379530586,1205.6187257788642
15999016,16520.84673716425,1206.291636201164
15999066,16520.84673716425,1206.291636201164
15999116,16520.59738335896,1205.6681601462597
15999166,16530.30339326634,1206.0526330907558
15999216,16555.226312300798,1208.465415087482
15999266,16579.687887042004,1210.6343550079112
15999316,16603.64429410151,1211.1228393743274
15999366,16627.2862474402,1211.2246269421455
15999416,16593.567766412194,1211.0860473793362
15999466,16599.56497257692,1210.257230546364
15999516,16603.00564503402,1210.5572455166418
15999566,16603.00564503402,1210.5572455166418
15999616,16611.771356405756,1211.005977221561
15999666,16613.034095320254,1211.050655745338
15999716,16613.585728457467,1210.6710203563305
15999766,16609.48222041215,1209.7930979904397
15999816,16605.501480709558,1209.265499293091
15999866,16599.19598617776,1209.1541610157983
15999916,16597.566622322447,1209.7252631643767
15999966,16601.672556864796,1209.290738502505
16000016,16595.15393287928,1208.8021535520431
16000066,16598.740315709863,1209.2340646262317
16000116,16600.626863612175,1209.0418137545928
16000166,16600.87211313699,1208.376605562175
16000216,16593.08715961991,1208.254755450549
16000266,16607.130502921173,1210.1909155608207
16000316,16619.423820482003,1210.8571772626249
16000366,16651.54392189655,1212.9697315161284
16000416,16683.290509182934,1213.4054975872798
16000466,16687.39449904149,1212.5092355708573
16000516,16686.25084419295,1212.2905544669811
16000566,16686.25084419295,1212.2905544669811
16000616,16676.42275681261,1210.7288083162236
16000666,16674.433440392153,1210.498263142748
16000716,16677.297446146753,1211.0973785096971
16000766,16668.33545015817,1210.4027920012034
16000816,16660.78426942805,1210.8367416498022
16000866,16662.15898397196,1210.7382168757917
16000916,16668.040193299992,1209.1616701163746
16000966,16641.33336781836,1209.0517380376768
16001016,16637.876184380555,1208.668221183686
16001066,16625.03104809708,1207.3876238140804
16001116,16618.911070431746,1208.4793608947052
16001166,16616.82903312892,1206.248934408948
16001216,16615.927104609094,1205.9952431214506
16001266,16615.233275479237,1207.3055840410188
16001316,16614.87639163616,1207.7682317419283
16001366,16608.9116197757,1208.1278772676678
16001416,16605.33173467479,1208.233885218198
16001466,16600.108851753328,1207.6360771724162
16001516,16590.148027854764,1208.4717824259844
16001566,16574.36107297326,1208.517679973519
16001616,16566.32739158881,1207.6260420445003
16001666,16563.150583376104,1207.4486375777174
16001716,16568.58074635792,1208.3022987043898
16001766,16579.904937466,1207.7622704250366
16001816,16582.549617229663,1207.8805460885537
16001866,16584.40230818226,1207.5267219007767
16001916,16584.890451946267,1207.5235972774574
16001966,16585.196130811917,1205.7286743765142
16002016,16584.540308456344,1204.4620081970943
16002066,16553.173510246535,1203.0705427269115
16002116,16543.83658438635,1203.3657651786045
16002166,16535.61543439752,1204.109177988301
16002216,16533.31798143659,1203.958499992944
16002266,16536.38964523119,1204.4176498721042
16002316,16538.230691725425,1205.2985193184488
16002366,16539.938763424623,1205.4418367668263
16002416,16540.126877712588,1205.6957567331867
16002466,16551.251563421363,1206.8828364491806
16002516,16557.48228213468,1207.322623739609
16002566,16561.144666689106,1207.7559627220194
16002616,16561.85796301277,1208.449772773915
16002666,16562.070949367804,1208.3765601785751
16002716,16554.52558881958,1208.1554997272244
16002766,16552.229899648144,1207.7276386565532
16002816,16549.37424122406,1207.220433483913
16002866,16549.467753452907,1207.2287042884884
16002916,16546.452486643895,1206.3159713610094
16002966,16546.452486643895,1206.3159713610094
16003016,16546.27912183846,1208.2461215001258
16003066,16560.601272168708,1209.2856118785362
16003116,16576.84107322732,1210.0084614879
16003166,16582.365909150696,1209.5844954388087
16003216,16585.034684851817,1209.3025785129394
16003266,16586.577891929537,1209.840276350688
16003316,16587.459282345797,1210.3170772207425
16003366,16587.79656084229,1210.1982881588003
16003416,16584.229696627426,1209.8112470840929
16003466,16577.833392822162,1209.0792214033136
16003516,16572.485177595547,1209.0277036790449
16003566,16569.11450010381,1208.5636810720466
16003616,16567.730911629566,1208.7442828657872
16003666,16566.67803318155,1208.7782435396286
16003716,16566.55356173044,1208.9588384291249
16003766,16568.986889922922,1209.2471257388218
16003816,16575.21648919956,1209.3226765214326
16003866,16585.59981498256,1209.007838444983
16003916,16583.267716896567,1208.6557593545515
16003966,16590.336711890544,1209.5852068382644
16004016,16592.625280263703,1209.8579562076113
16004066,16594.39261437416,1209.4419088514117
16004116,16589.38454715834,1209.1593245846052
16004166,16586.318303131702,1208.8514010845854
16004216,16585.31665517294,1208.682477741065
16004266,16584.38613289131,1208.3374280389792
16004316,16582.952583519742,1207.7654601394672
16004366,16588.89214308337,1208.126702061736
16004416,16590.96705961313,1207.9313493455527
16004466,16580.79052793983,1208.1666010374386
16004516,16576.59596352793,1208.6952622455742
16004566,16581.76019003476,1208.9170160848491
16004616,16576.17861948811,1208.0260576367134
16004666,16593.979713140943,1208.1462375279382
16004716,16599.98627460822,1208.484969920766
16004766,16590.507438708257,1208.1028445473767
16004816,16586.55273628188,1208.19070504459
16004866,16581.28752331984,1208.0335399014539
16004916,16594.92416240919,1208.8844489796218
16004966,16600.663633988013,1208.6712749833912
16005016,16595.067203804316,1208.8727332911067
16005066,16600.851535239308,1209.6595885538152
16005116,16601.561887649612,1210.6829882325721
16005166,16587.525994997,1210.9270487138424
16005216,16584.35891714315,1209.9102606377098
16005266,16584.404782390015,1209.446724130449
16005316,16585.020579989978,1209.2697768340524
16005366,16585.515919714202,1209.7742143910934
16005416,16585.848347767922,1209.5356803090056
16005466,16590.52166298696,1209.7560361473807
16005516,16590.378150653745,1209.5822754884514
16005566,16579.89780041466,1209.4400511055778
16005616,16582.127062850126,1208.887733987833
16005666,16583.499334925535,1209.235655647995
16005716,16568.349712214564,1210.090857610936
16005766,16565.320850467608,1210.2144207487124
16005816,16557.85305887043,1208.5684509471612
16005866,16551.223776054554,1208.061687521417
16005916,16547.129485378176,1208.124815591208
16005966,16551.032270615226,1208.4496910415103
16006016,16556.049533309575,1208.4895960384222
16006066,16560.28606785413,1208.396097085924
16006116,16554.53635853281,1208.3297942747483
16006166,16552.069727468774,1208.8860776930078
16006216,16552.069727468774,1208.8860776930078
16006266,16559.444791301143,1209.3333376522028
16006316,16560.62039849409,1209.1182246919202
16006366,16560.62039849409,1209.1182246919202
16006416,16560.462872663404,1210.0411953288256
16006466,16558.975042574784,1209.8598454514179
16006516,16558.975042574784,1209.8598454514179
16006566,16558.975042574784,1209.8598454514179
16006616,16556.64335090436,1210.210991074089
16006666,16547.787666901986,1209.7563348566669
16006716,16542.027392788823,1209.2520696090214
16006766,16554.250263632188,1209.949743923899
16006816,16559.517033612603,1210.095004549544
16006866,16562.95332801809,1209.4635627192915
16006916,16568.707853746335,1209.9469235487406
16006966,16585.38028254211,1213.729336226972
16007016,16618.735344430403,1217.7879502425512
16007066,16666.876178028906,1222.5346938023754
16007116,16710.607262180292,1225.500535764868
16007166,16744.07712911158,1226.1161820969035
16007216,16745.877812939067,1225.9674164129804
16007266,16740.851900060832,1226.2400006562027
16007316,16738.470544983305,1225.746015962065
16007366,16732.561513228007,1224.683913518194
16007416,16711.715294143934,1222.2865952942514
16007466,16699.072088195324,1221.4905185086875
16007516,16689.937462445225,1219.760070381784
16007566,16687.974584960262,1220.0601024785244
16007616,16687.099467578926,1219.2632246393869
16007666,16677.156500789257,1218.0977211943098
16007716,16671.43142354148,1218.8650554469543
16007766,16670.006612637546,1219.0417769929563
16007816,16667.158521965783,1221.3050767997172
16007866,16690.926988776348,1223.301593448196
16007916,16699.911171428215,1222.9683830938277
16007966,16706.983389283072,1221.7645012063806
16008016,16711.885075631337,1220.3699114555413
16008066,16698.136533040983,1220.0704111531186
16008116,16677.70433821626,1220.185958311146
16008166,16676.42890214988,1219.9176718413412
16008216,16667.825424649327,1218.843328877445
16008266,16663.15327403589,1218.9722318384509
16008316,16654.491715788037,1219.4179603512057
16008366,16649.90611189,1219.794623532718
16008416,16649.289831279402,1219.6628247459664
16008466,16649.311659281368,1219.273949633495
16008516,16649.316796645646,1218.7301610308452
16008566,16649.316796645646,1218.7301610308452
16008616,16649.321410958462,1218.3983760137396
16008666,16649.32197004738,1218.523333469442
16008716,16649.32197004738,1218.523333469442
16008766,16649.322860697295,1217.5777735197585
16008816,16649.323019867094,1219.254420147265
16008866,16649.323019867094,1219.254420147265
16008916,16649.32308014014,1220.012308888625
16008966,16649.32308014014,1220.012308888625
16009016,16649.32309465191,1219.3480537035184
16009066,16646.75252389716,1219.2489357336494
16009116,16646.8591626564,1219.0048156350963
16009166,16646.8591626564,1219.0048156350963
16009216,16647.061772802288,1219.4495466106355
16009266,16647.103717887778,1218.6100720842219
16009316,16647.103717887778,1218.6100720842219
16009366,16633.632645009482,1218.5378944966187
16009416,16632.06940400908,1218.5730993995987
16009466,16631.20549156008,1218.651207048253
16009516,16630.74321047829,1218.9951823749316
16009566,16631.898973303356,1219.4786080708134
16009616,16634.416171783298,1219.6602662377675
16009666,16631.176121519828,1219.7221257786139
16009716,16629.7297907667,1219.9447988243608
16009766,16629.01424717177,1219.2387529065752
16009816,16632.37612226564,1219.4915561958248
16009866,16650.580981374107,1220.126435161185
16009916,16697.071553884783,1221.2913620703218
16009966,16693.961172707164,1221.661575778813
16010016,16693.986395847256,1220.8892102025918
16010066,16680.523805329132,1220.1875686500023
16010116,16677.406051766367,1218.7326447760513
16010166,16670.534583550438,1212.9293540821463
16010216,16633.228196950848,1210.4365678049173
16010266,16610.607013208413,1209.852758904818
16010316,16596.176333669875,1209.9166602128669
16010366,16590.927512298207,1209.7783170495825
16010416,16584.27781554805,1209.6045320261883
16010466,16588.504529321104,1209.4519045206107
16010516,16608.025999962065,1210.1327709442119
16010566,16614.417657723407,1209.3079950620145
16010616,16631.06393501383,1209.9597325096886
16010666,16651.804057157562,1209.818539013863
16010716,16635.704300888454,1207.2729603475093
16010766,16615.927242821137,1202.179546246709
16010816,16621.262336905696,1200.7005996529178
16010866,16605.50331416326,1198.7699013964263
16010916,16588.337232163452,1194.9809671634623
16010966,16566.503379977134,1189.068309185652
16011016,16530.7098465942,1178.1850275209713
16011066,16510.75599249747,1175.3731680004205
16011116,16469.32233266461,1170.3681639593033
16011166,16461.236434848666,1166.912263708024
16011216,16456.642587827355,1165.4324002402527
16011266,16456.642587827355,1165.4324002402527
16011316,16490.09699366676,1169.3250253376489
16011366,16492.554369184058,1169.9357825180218
16011416,16472.623430263455,1168.6598464772196
16011466,16455.84346101608,1169.086580482174
16011516,16471.8099988541,1170.8326581096842
16011566,16474.83163371243,1171.0528060493164
16011616,16472.801133316912,1171.0776996657512
16011666,16469.834721497537,1172.2496798233196
16011716,16467.576471398635,1174.4724949208044
16011766,16489.07559328162,1175.9261758157281
16011816,16489.50894932254,1175.9498814942106
16011866,16484.669223653957,1174.9698920698631
16011916,16482.33444389174,1174.3740237329962
16011966,16482.33444389174,1174.3740237329962
16012016,16466.825238413843,1173.7626222424528
16012066,16465.089466249097,1173.615851697937
16012116,16463.548196778942,1175.2144815535032
16012166,16463.07406885752,1174.8276058465956
16012216,16479.666486149312,1175.7917229282648
16012266,16509.3922586465,1177.6050958717603
16012316,16502.53157392095,1178.1774030642814
16012366,16512.759299111585,1177.6351864065725
16012416,16524.590992052006,1175.7874298311851
16012466,16527.887321682432,1174.6019591268014
16012516,16528.408414877144,1174.4721092561308
16012566,16515.63148101215,1173.726758330625
16012616,16508.815197431915,1173.860251278613
16012666,16518.652958440398,1174.0901206121316
16012716,16522.682011885037,1174.7067042670055
16012766,16524.86532350352,1174.5711987891982
16012816,16524.86532350352,1174.5711987891982
16012866,16525.5879861972,1176.7585065536841
16012916,16493.25457834751,1174.857264665359
16012966,16481.504193549383,1174.61719682237
16013016,16475.19817250713,1175.2626559708312
16013066,16474.398611585897,1175.9888466252637
16013116,16499.262371165965,1175.862985683883
16013166,16513.29417808309,1175.7703350620034
16013216,16513.430406934716,1176.583212819737
16013266,16508.554466664693,1177.4044965042935
16013316,16508.554466664693,1177.4044965042935
16013366,16505.278004625965,1176.6033611442354
16013416,16497.97147268616,1176.3297326412217
16013466,16495.675097910032,1177.7341178945933
16013516,16512.219415476946,1179.4663316329115
16013566,16542.71457229911,1181.909765637747
16013616,16544.065309851347,1180.5599174754466
16013666,16528.080530641564,1179.0609424906888
16013716,16494.400144530657,1177.4318082932018
16013766,16477.736408944784,1177.1231709842075
16013816,16470.217476816215,1176.6924077986673
16013866,16455.707580682934,1175.1761687835929
16013916,16453.94532853406,1174.4559524383212
16013966,16437.314044393228,1172.071740447355
16014016,16409.68327499916,1168.8929545075202
16014066,16393.46742061997,1159.5168998067918
16014116,16297.690880858021,1153.5328827930741
16014166,16259.815405432788,1150.682964187341
16014216,16251.815651631852,1150.3549049774322
16014266,16247.3485164006,1150.051642555308
16014316,16226.234616293776,1147.4269299439259
16014366,16205.28096427381,1143.9061242768594
16014416,16193.967958127776,1143.386849891907
16014466,16166.885163914178,1141.0384205960538
16014516,16166.885163914178,1141.0384205960538
16014566,16119.785071347924,1140.0000455656134
16014616,16113.203553615773,1140.7615366189236
16014666,16111.309478893403,1141.2015283660535
16014716,16099.158414379252,1139.5165017736294
16014766,16072.773175069231,1137.7295273626114
16014816,16059.147731441682,1137.7002686801502
16014866,16048.990026122849,1135.6369551930618
16014916,16058.648459254855,1134.8465117198714
16014966,16063.964982112357,1135.3340919566008
16015016,16101.879130361087,1138.6221963891935
16015066,16112.10236722463,1140.140657455893
16015116,16118.225552704975,1139.4623270356728
16015166,16119.51121166289,1139.037825083659
16015216,16121.547696408115,1138.0865332028598
16015266,16122.010463587305,1137.2419994608454
16015316,16100.444596248619,1132.6557996778538
16015366,16063.278111904123,1125.6622145126153
16015416,15975.069661835607,1124.1413411720273
16015466,15912.91005972565,1121.573329292889
16015516,15907.61274506626,1121.6759063879513
16015566,15890.493199137445,1122.0241298907915
16015616,15908.177139569232,1123.3942552636158
16015666,15902.246099280665,1123.0033145398497
16015716,15885.671558117594,1119.3475461582789
16015766,15881.8718203825,1119.123986660317
16015816,15876.008592172479,1119.7526052431676
16015866,15919.046338887338,1122.2604691208858
16015916,15954.50647634887,1126.6691568440124
16015966,16025.281990216607,1130.9328706822075
16016016,16056.390164376688,1131.9551086402191
16016066,16068.31530178139,1132.1952496815936
16016116,16072.716190153258,1130.6820701062716
16016166,16073.201109327321,1131.028289187243
16016216,16074.90087645281,1129.8950131738973
16016266,16074.970772059803,1130.1041025524955
16016316,16074.970772059803,1130.1041025524955
16016366,16084.327467513329,1132.2402371832957
16016416,16084.461328859375,1132.4869605739004
16016466,16085.39768790388,1134.6241037057077
16016516,16103.928821000578,1135.5941451679835
16016566,16129.857910588207,1134.2853022995007
16016616,16138.73929174461,1133.9480243176731
16016666,16140.241357088235,1133.6012796209116
16016716,16097.663901267457,1132.5544597035484
16016766,16088.187030524286,1131.3100641135043
16016816,16085.790289284927,1130.3691583973573
16016866,16083.150546606912,1129.9376008097643
16016916,16081.56811309155,1129.6506876266687
16016966,16081.039458483108,1129.514734479409
16017016,16036.213461531508,1125.9064963814103
16017066,15982.203804243349,1124.5995877658906
16017116,15962.42314937051,1125.1339715015113
16017166,15958.75763512001,1124.8208399801701
16017216,15945.52647763998,1123.941317858405
16017266,15944.466098387626,1124.2575232918757
16017316,15942.933181738606,1123.2455709374328
16017366,15946.954370127338,1121.5976785471707
16017416,15933.463175424517,1120.970686478551
16017466,15954.414402040677,1122.4676100322804
16017516,15956.287060714149,1116.5813483849454
16017566,15938.949968718014,1115.2931541638268
16017616,15949.864412344667,1114.8287069894282
16017666,15992.901135317297,1118.0406578205154
16017716,16017.352778138713,1119.6225941825778
16017766,16010.823808280977,1118.6521486153154
16017816,16004.474827220023,1117.8509351730363
16017866,15994.485642470088,1116.3803173949166
16017916,16002.89588041403,1119.0115936789966
16017966,16026.20459985946,1121.8865000316111
16018016,16048.837209944028,1125.3037184517993
16018066,16046.517027520551,1126.2968000991118
16018116,16035.173946893827,1126.5594543606082
16018166,16025.989149506147,1125.741060987426
16018216,16025.026086862159,1125.5958034518135
16018266,16029.757238304423,1125.7389785878884
16018316,16000.90478920431,1123.3213188915006
16018366,15993.00234479314,1122.2992552926446
16018416,15994.918768996678,1122.6211445909273
16018466,15977.004430251238,1120.8154619394556
16018516,15996.853914795252,1123.4245564827734
16018566,16006.894039223465,1125.1202681810169
16018616,16029.294119569086,1128.0593974053243
16018666,16073.966860452649,1133.004163694415
16018716,16089.015273144978,1136.102656088412
16018766,16110.90109009261,1137.0862845711415
16018816,16110.492697280644,1136.0316501928114
16018866,16110.490733285225,1135.2521866162742
16018916,16110.488228006227,1134.9045899265548
16018966,16103.834429615175,1135.9528131221502
16019016,16124.435688072215,1137.5440017879764
16019066,16134.054225462123,1136.1626898883849
16019116,16140.855542520945,1137.695397011264
16019166,16143.615645830785,1136.847634628954
16019216,16137.72229134901,1137.6047561651644
16019266,16110.628584862654,1135.815908566329
16019316,16083.931530953096,1134.421750536113
16019366,16070.862234529757,1134.3549537201147
16019416,16063.501933807003,1133.199857910405
16019466,16055.637838977633,1131.9478728216218
16019516,16052.462477376406,1131.2441555236983
16019566,16031.829048191248,1125.398836352471
16019616,15961.634538981063,1116.8720215384126
16019666,15899.960646926305,1113.2312002065541
16019716,15895.738602197616,1115.4787574628906
16019766,15937.08720389218,1116.2183907242306
16019816,15954.38567804837,1114.979001117753
16019866,15967.53048046347,1113.8515403682443
16019916,15942.812495993088,1111.2948233964607
16019966,15943.788576229455,1111.734238932031
16020016,15951.687019717,1111.671826950081
16020066,15940.303370809343,1108.8202739582223
16020116,15898.118985942552,1104.803521163045
16020166,15907.250314682266,1101.2719917680852
16020216,15891.451036457242,1099.5972625461054
16020266,15899.20584278896,1100.7038954996726
16020316,15907.73564796922,1102.75506577168
16020366,15911.567171152397,1102.0617018069925
16020416,15912.992446647577,1102.3279140954937
16020466,15919.305600094242,1103.079589738095
16020516,15855.805179653256,1098.352338390757
16020566,15725.94904494201,1091.786925767745
16020616,15670.67226824477,1089.8086669592012
16020666,15659.58877072325,1090.3417127880139
16020716,15651.407024033217,1094.6515860191842
16020766,15705.187923364043,1099.2858360088794
16020816,15709.405333254883,1100.3268132977546
16020866,15741.714641265702,1104.2092561211086
16020916,15755.435783682386,1105.2019527931088
16020966,15767.182007538198,1105.7682349489526
16021016,15769.778506782433,1106.0496232337312
16021066,15772.692984802037,1106.5394854161739
16021116,15776.263023017367,1106.1827825258174
16021166,15760.173729820308,1105.6035236242305
16021216,15637.655708147351,1098.0672404757988
16021266,15635.771997093585,1097.4855323224472
16021316,15628.479139341911,1099.047115052306
16021366,15627.32765203701,1101.677731535287
16021416,15675.423918720164,1107.2351158796619
16021466,15711.232844946338,1111.500276027214
16021516,15707.343615438573,1111.3464923257036
16021566,15697.325764650215,1110.3144485435996
16021616,15745.776296022594,1111.6996266059734
16021666,15760.607899597106,1111.6520579402281
16021716,15759.113159269024,1110.3496756174588
16021766,15754.04589384019,1109.5616575071288
16021816,15745.271988391582,1109.3338986530387
16021866,15731.977827402858,1107.5537813150231
16021916,15758.924556219119,1109.553500577814
16021966,15788.482253452428,1111.0382308814824
16022016,15822.223194984013,1111.9888417688837
16022066,15833.49858810578,1111.154826360204
16022116,15833.228304537128,1109.9595435104009
16022166,15833.120067998609,1108.814451886406
16022216,15833.066694787376,1107.5804947890672
16022266,15833.041095421113,1107.1685579351097
16022316,15817.36321121372,1106.1390011989351
16022366,15781.72764025877,1104.5641182366057
16022416,15758.02352862555,1103.2855678210765
16022466,15746.023690878405,1102.217120462484
16022516,15740.342237713136,1100.3950043198322
16022566,15741.991596108652,1100.6760330260818
16022616,15741.853376711353,1099.9941850202906
16022666,15713.003703969083,1100.0606482651294
16022716,15710.35611263306,1102.2543752848226
16022766,15756.603885175067,1105.0763931259892
16022816,15786.390323172674,1107.4637433183416
16022866,15799.033928954877,1107.6725440936564
16022916,15811.04233322618,1108.2216881520562
16022966,15810.805728202035,1106.332054431235
16023016,15780.174538004987,1105.1213881071508
16023066,15772.121733632177,1104.8422598701832
16023116,15767.009686146834,1105.1658586059102
16023166,15763.445729126373,1104.6706613520298
16023216,15761.826395622844,1104.4806748828871
16023266,15746.781779629462,1103.175445437103
16023316,15751.077038167748,1103.2292821985702
16023366,15743.966979071098,1101.8076837994693
16023416,15737.06105766705,1101.1088393010502
16023466,15735.073904435872,1100.6565656755336
16023516,15733.672807540208,1100.2893908260426
16023566,15745.521701541713,1101.2691471109963
16023616,15741.911744844758,1100.972131231996
16023666,15727.662896506454,1099.9936341774087
16023716,15711.666470194492,1098.8322500265497
16023766,15704.876383497629,1097.978744593829
16023816,15697.548068670938,1095.2114537912955
16023866,15691.92034718872,1094.1655523341901
16023916,15668.158561557493,1092.0195901829213
16023966,15620.710579648756,1088.5089076097129
16024016,15617.74253947935,1088.1189927409623
16024066,15614.948636782261,1089.006396200205
16024116,15615.3961712499,1089.981824511244
16024166,15629.91854039765,1089.692791166787
16024216,15639.17524889714,1090.1328710952064
16024266,15660.648421082593,1091.834166186754
16024316,15664.194784145073,1090.3492315930666
16024366,15642.418057911302,1086.1551940014024
16024416,15631.547796173112,1084.3792987943607
16024466,15630.267270964068,1083.9434772656016
16024516,15640.791249250342,1085.334846377973
16024566,15652.79666341093,1086.334989167846
16024616,15657.034278908,1088.136694811998
16024666,15617.432600782828,1086.3628077990215
16024716,15619.332749830355,1086.4029536548928
16024766,15628.195419701327,1086.241687053728
16024816,15617.19635429777,1084.8318171444319
16024866,15618.13160293714,1083.720541082886
16024916,15642.28456780282,1084.6546172439637
16024966,15652.646741105635,1085.2990973611468
16025016,15650.022994051978,1086.1907992807437
16025066,15646.311288511402,1086.435411966603
16025116,15666.52767700956,1088.6058062847114
16025166,15671.555683503044,1089.5059950687616
16025216,15681.35002110654,1089.8862507670215
16025266,15681.519036052723,1089.0310267766454
16025316,15672.048928816545,1087.3924079644808
16025366,15667.313875018044,1085.9386953518497
16025416,15664.150760530287,1085.572415316005
16025466,15656.70451542086,1084.761441182733
16025516,15663.745229013053,1086.6140142713643
16025566,15692.072150151105,1089.7136941183683
16025616,15699.505874699898,1090.7929222679625
16025666,15703.921526453874,1092.0549609524999
16025716,15730.604789170568,1094.68122275756
16025766,15759.145713472679,1099.6899766174415
16025816,15879.423175512102,1107.8884936299064
16025866,15966.77804778545,1111.9774358502257
16025916,15993.40333184355,1113.7087708817712
16025966,15977.27161459071,1114.8557964866827
16026016,16021.994040804077,1122.0365502009163
16026066,16049.37744978019,1126.9021424020646
16026116,16069.363837932395,1129.0892333227252
16026166,16077.148595253468,1129.3168832624092
16026216,16081.669316307134,1125.7646937592629
16026266,16075.368121670153,1124.7052618453874
16026316,16061.84153652719,1123.3076880342371
16026366,16063.572435899354,1125.0960622331097
16026416,16076.939065333821,1126.1442374707199
16026466,16105.258125617049,1127.7648475833244
16026516,16117.629336841943,1126.7959979000502
16026566,16133.374910145665,1129.5902506551809
16026616,16177.502249061445,1132.4588166690771
16026666,16196.840816966502,1132.860188092231
16026716,16196.840816966502,1132.860188092231
16026766,16210.528516333128,1131.4520472700704
16026816,16188.842583138232,1130.536592059409
16026866,16165.11839495081,1129.7250128493529
16026916,16142.43655584663,1128.639243980665
16026966,16158.364227020236,1129.0583411784726
16027016,16168.54285852714,1128.2121133737628
16027066,16133.599039654862,1126.7336933941062
16027116,16102.7772053668,1124.3523337415031
16027166,16081.039749029635,1122.5769865573693
16027216,16072.038096160584,1120.4730457628093
16027266,16070.817619138626,1121.4225879532291
16027316,16077.39701306555,1122.4426671575427
16027366,16073.661271235243,1122.3063053111143
16027416,16056.83187401552,1121.9742269748406
16027466,16060.374059281605,1122.7377857518472
16027516,16069.104258977337,1123.6224626913013
16027566,16077.433478820129,1125.1693698508818
16027616,16078.82739953672,1126.9564112037024
16027666,16141.413706168792,1129.5561624292293
16027716,16171.886633551407,1129.784912906961
16027766,16137.064896409996,1128.9024711636523
16027816,16114.979565167601,1128.3811535434722
16027866,16110.036682694226,1128.2431862812402
16027916,16107.72490754658,1128.7149408121625
16027966,16110.542844435266,1129.8980041274683
16028016,16127.48098887211,1130.8627304198606
16028066,16134.880493129225,1130.2401971117636
16028116,16109.083856402947,1129.056059905629
16028166,16097.26558874519,1127.7987038204308
16028216,16062.434702595036,1126.3499353635148
16028266,16045.031999659497,1125.8542374162585
16028316,16047.706858055693,1126.455604761009
16028366,16080.49021695659,1128.1889018050072
16028416,16096.023888134498,1129.6688384590223
16028466,16104.841536786378,1130.4213666563894
16028516,16108.492835773539,1129.4655730317231
16028566,16100.687035572588,1128.3979868721
16028616,16096.513571319136,1128.4091900878475
16028666,16102.872368183429,1131.53184555574
16028716,16139.417296645579,1133.6280396173318
16028766,16158.751221260654,1135.2863136159872
16028816,16158.115321390624,1135.2507780596493
16028866,16157.56162728216,1135.8552285899423
16028916,16157.094292455595,1136.4808624218201
16028966,16154.724490888491,1135.9129528141193
16029016,16163.49509465213,1136.5350349674911
16029066,16158.744598415446,1136.3966004235347
16029116,16170.378750243244,1138.4389161817292
16029166,16176.585299099223,1139.2581007058973
16029216,16167.759769465574,1137.8437643450418
16029266,16162.994811436409,1136.4944822559266
16029316,16147.192981636506,1134.7894017646515
16029366,16119.548302068359,1132.8646305801785
16029416,16110.930769250754,1131.741285632158
16029466,16107.360210979414,1130.6020289762582
16029516,16124.92054382572,1129.8748387097526
16029566,16125.065412687933,1130.388284316862
16029616,16120.853365746132,1131.562276910699
16029666,16129.618109869381,1132.8629855763224
16029716,16214.142105574554,1138.521682164827
16029766,16306.284515347248,1148.7249441560973
16029816,16374.411983200904,1155.912700885507
16029866,16404.327483649733,1157.9988737709618
16029916,16439.221122858442,1160.2550946041038
16029966,16457.083711462703,1161.3221163306614
16030016,16464.78485421846,1160.6600218593715
16030066,16475.95708240539,1161.9325455305986
16030116,16486.96667289918,1162.1896651430256
16030166,16499.668735169274,1164.2820047912942
16030216,16503.486348808106,1164.914013203701
16030266,16510.439137646044,1166.6568953057995
16030316,16505.950290947865,1165.803154522546
16030366,16503.279551535157,1165.9208820711744
16030416,16503.279551535157,1165.9208820711744
16030466,16501.182063265645,1163.8282910825437
16030516,16483.56193356364,1163.5509237690387
16030566,16454.8053029952,1162.7509548676023
16030616,16454.8053029952,1162.7509548676023
16030666,16433.283550553806,1161.8607579831814
16030716,16432.807985814638,1162.4782869283015
16030766,16451.245122885975,1162.9933441515095
16030816,16447.067434755954,1160.8967089951257
16030866,16418.30062373271,1159.8678742000318
16030916,16412.180632698717,1159.5576071086948
16030966,16412.180632698717,1159.5576071086948
16031016,16443.82312180587,1160.8336961360214
16031066,16450.798847477843,1161.9407931178994
16031116,16447.6182188861,1162.5303224046422
16031166,16441.030465769785,1161.7136581580455
16031216,16433.71202836931,1161.1908971160694
16031266,16448.828679979622,1162.1378048086156
16031316,16472.420163086215,1162.7717419889796
16031366,16488.15867815617,1164.2536289594523
16031416,16496.119762653972,1165.4459160248077
16031466,16485.852869075006,1165.625828733806
16031516,16485.852869075006,1165.625828733806
16031566,16474.991722749386,1163.8513355898554
16031616,16472.66058679029,1164.0890676769989
16031666,16472.66058679029,1164.0890676769989
16031716,16469.845933914377,1164.3111186333151
16031766,16498.052895559555,1166.5148847031403
16031816,16506.723313427752,1166.8638320829227
16031866,16509.888570426912,1166.344097054504
16031916,16502.163123741728,1166.5237367586617
16031966,16502.163123741728,1166.5237367586617
16032016,16493.250986261937,1167.2564095641553
16032066,16492.590411979818,1167.0527008435872
16032116,16491.3661567807,1165.0519394193534
16032166,16475.659708029805,1164.0976603715314
16032216,16483.679776161236,1165.7721313541456
16032266,16503.42750659538,1169.4169943467355
16032316,16521.5399825912,1172.1287519280288
16032366,16530.61064608543,1171.6434121414777
16032416,16533.605185648135,1172.616925536521
16032466,16552.861059769075,1174.3757952207666
16032516,16567.774628991778,1175.734550093248
16032566,16577.861696323987,1175.4791236232043
16032616,16577.861696323987,1175.4791236232043
16032666,16587.39286107252,1175.1582079268128
16032716,16568.175588053855,1173.7737442673872
16032766,16538.394314272646,1172.8676300211607
16032816,16508.073078312682,1170.4172063380538
16032866,16494.691202541228,1169.3333993535941
16032916,16463.761562427633,1166.8608302185003
16032966,16456.68336300575,1166.5616720595403
16033016,16462.620368516327,1166.0596814636083
16033066,16459.656351939248,1165.9840450617212
16033116,16464.609131387122,1164.0531640348242
16033166,16425.80307419024,1162.293130796798
16033216,16389.741726538923,1161.489876644645
16033266,16385.647512986354,1161.1699096647615
16033316,16390.260786227016,1160.0840705972248
16033366,16373.263468870842,1160.335335447122
16033416,16233.41110416498,1161.8707778904657
16033466,16363.740148139814,1164.569342465719
16033516,16407.474468641718,1166.9056085595912
16033566,16418.60296195444,1166.5862243436802
16033616,16391.440560469593,1165.2631174814142
16033666,16398.368417462163,1164.4885888319336
16033716,16400.25396333996,1163.8415641646106
16033766,16419.586310300867,1161.7998875428366
16033816,16426.32049217246,1162.5686957277878
16033866,16428.873652713184,1162.518509089167
16033916,16430.47067358141,1161.3937599942021
16033966,16423.840641906045,1161.5220568171676
16034016,16408.469077161677,1161.3114325167846
16034066,16392.656255971862,1158.4860516238584
16034116,16384.972124482167,1156.3323063580133
16034166,16380.099258232402,1155.3119068614458
16034216,16342.105023364837,1154.3804165172298
16034266,16317.818075652922,1153.9281099784184
16034316,16308.93811664554,1153.8574653046956
16034366,16306.254569841578,1153.7753098203116
16034416,16317.58337329114,1154.3869726957237
16034466,16332.645262987286,1155.7156436408711
16034516,16345.46766828431,1157.910845853038
16034566,16383.78067023849,1159.6873279445517
16034616,16399.928461871023,1160.4233879846397
16034666,16439.845294261206,1166.014741223221
16034716,16498.851872790397,1172.1092938152458
16034766,16508.23246349663,1172.3085828061185
16034816,16502.77575862765,1170.3754663404493
16034866,16500.124110353874,1169.1681810147682
16034916,16491.520506208544,1169.1107042049744
16034966,16463.342246021082,1169.1024051991453
16035016,16455.708672350916,1167.913609827816
16035066,16436.58461535607,1167.421625885877
16035116,16427.065925712108,1168.037638983292
16035166,16449.726364954113,1170.072561306093
16035216,16456.67490662534,1170.7062399585368
16035266,16462.885672445216,1171.9588978454929
16035316,16475.105615450946,1172.732851242344
16035366,16489.88319063696,1173.5979558470594
16035416,16494.598126311586,1173.3948830757543
16035466,16487.23655076623,1173.0402421144966
16035516,16482.577620951113,1171.8415540601907
16035566,16453.448464632398,1171.06688707983
16035616,16453.154844787936,1171.9273955826748
16035666,16455.249289069663,1171.5290846676692
16035716,16443.948563359256,1170.6619336115918
16035766,16426.285440526903,1171.3549351364472
16035816,16438.495420463765,1171.3902184097817
16035866,16469.88087069412,1174.0255767327142
16035916,16486.46549166877,1175.52735634566
16035966,16511.15861965452,1177.7956922996814
16036016,16531.773073305223,1180.2904032663691
16036066,16552.389876298817,1183.5168918812149
16036116,16560.411120502307,1184.4864593766413
16036166,16564.15018126832,1184.2370236213617
16036216,16565.087300328752,1185.283697475917
16036266,16562.225828023467,1184.7300925887398
16036316,16552.97295473883,1183.8713668850742
16036366,16548.20586477292,1182.8990540777136
16036416,16547.848992897336,1182.7438618078415
16036466,16546.165241102855,1183.755445585982
16036516,16555.569209999212,1183.4556079839886
16036566,16559.82513623261,1183.6024264636735
16036616,16566.937436596214,1183.603773996491
16036666,16600.79934804339,1188.2313621367678
16036716,16643.871856719277,1192.7726714818716
16036766,16680.950855605963,1199.101320250951
16036816,16701.079739465928,1202.9715816062494
16036866,16705.71965295497,1203.8037686668954
16036916,16681.40599468537,1204.7673744853143
16036966,16655.449143528735,1202.5739649794016
16037016,16645.787778681733,1202.5172468654105
16037066,16644.24493890053,1200.9885257073602
16037116,16649.344321511537,1200.126772801974
16037166,16658.757544431905,1201.2204532702362
16037216,16675.71533800136,1202.9441564228598
16037266,16682.341732523295,1203.484443147043
16037316,16678.751531927785,1202.9562744476739
16037366,16676.888240296135,1203.0564832828343
16037416,16674.689739946574,1203.8975949296967
16037466,16673.831528537463,1203.619036367573
16037516,16673.831528537463,1203.619036367573
16037566,16649.75041338873,1201.5055037404593
16037616,16637.300918087494,1201.9551283131232
16037666,16638.268457262893,1202.9810063732061
16037716,16635.054715854156,1202.7016481821227
16037766,16633.967242411385,1202.1912097188763
16037816,16637.687488807533,1203.0793040166752
16037866,16642.494705687168,1203.1454764722885
16037916,16650.490013561794,1203.2841125985829
16037966,16655.59468428779,1201.9789579133226
16038016,16660.356615033328,1203.0517441943325
16038066,16662.621424697343,1202.2414118723063
16038116,16649.52760947786,1202.117993462707
16038166,16630.84963772745,1202.7500503579663
16038216,16638.731968286385,1205.2565119491476
16038266,16679.88811633302,1210.2384199476935
16038316,16675.524062561322,1210.9324606935536
16038366,16681.154078381325,1211.7666179812968
16038416,16681.756997086133,1211.80534266444
16038466,16681.756997086133,1211.80534266444
16038516,16678.676030402705,1211.5206096442303
16038566,16638.357223044866,1208.3563800922236
16038616,16638.357223044866,1208.3563800922236
16038666,16576.60796633882,1203.4161204561756
16038716,16561.49064346492,1201.4531819893261
16038766,16548.78165236713,1200.6808830353605
16038816,16540.952898876913,1200.4614347743673
16038866,16540.952898876913,1200.4614347743673
16038916,16530.608440802305,1199.9044742318308
16038966,16523.876308023322,1199.0828482839945
16039016,16518.08389998221,1199.9557955430842
16039066,16515.84273626102,1200.9166837587481
16039116,16515.606763837866,1200.8399487887832
16039166,16514.424950609075,1201.9775536726627
16039216,16514.075577153988,1201.8756782877804
16039266,16513.956719104484,1201.71463534756
16039316,16513.887252380115,1199.1176024347806
16039366,16492.557997059008,1196.2617899326444
16039416,16466.77917645694,1195.8586150430087
16039466,16481.46275562238,1195.9962588093636
16039516,16482.413048401348,1195.8253763166633
16039566,16484.129616233164,1194.7108571570777
16039616,16484.428717025767,1194.9701884256197
16039666,16484.96243743053,1194.3408193962862
16039716,16497.615567074306,1195.4392333993337
16039766,16499.823282120014,1195.9292368020142
16039816,16490.8948414305,1195.9130386240438
16039866,16483.091517006455,1196.216388292538
16039916,16481.207904850777,1197.1822335500565
16039966,16480.46349825574,1196.8891497220538
16040016,16479.4197788608,1194.7933846911674
16040066,16480.1099285389,1195.072736028307
16040116,16484.67895886167,1195.1447858647552
16040166,16492.10424352735,1194.880670724229
16040216,16493.848714486372,1195.8613749768724
16040266,16522.3391564523,1197.8580553093839
16040316,16528.10329828201,1199.0055736715199
16040366,16529.752886599825,1198.9240949605512
16040416,16504.98804562698,1196.9105006035948
16040466,16456.24532127146,1193.382540187667
16040516,16459.915408797588,1193.2460154026198
16040566,16464.297604646796,1194.4824069658916
16040616,16466.330928696923,1195.087227530866
16040666,16467.25303935605,1194.3031027799693
16040716,16468.078816308105,1193.1908591374586
16040766,16468.443278294217,1194.1596204383004
16040816,16468.76456172492,1195.4241701558456
16040866,16487.421768973185,1196.9764179136544
16040916,16510.391148535073,1197.7155383936463
16040966,16516.892301379066,1199.3338750657915
16041016,16533.06625445868,1200.4064018271506
16041066,16516.11278003303,1198.7165345393478
16041116,16504.989446819938,1198.5232557565193
16041166,16508.09679841569,1199.009419698615
16041216,16521.3980826235,1200.2782723113473
16041266,16524.903956416696,1200.906747526576
16041316,16565.928159609204,1203.6681717050042
16041366,16551.573246547425,1202.7198620248307
16041416,16540.99272865344,1201.8804433851083
16041466,16534.30032108331,1202.4474964748504
16041516,16523.49158100566,1202.0148506250414
16041566,16515.64801149068,1200.6656652669374
16041616,16512.427648573685,1200.34916123691
16041666,16510.797390024636,1200.6033412384097
16041716,16501.170050181456,1201.395534095576
16041766,16502.717298505482,1202.1974272496113
16041816,16502.166601205656,1203.3345078853329
16041866,16504.173222778747,1203.2710998792018
16041916,16497.831173474846,1203.2706849678564
16041966,16496.87016130281,1203.6184864611955
16042016,16511.23785090497,1203.4501296396281
16042066,16515.134318758406,1203.8588001786281
16042116,16494.42198065967,1203.4635282961162
16042166,16499.30134974398,1204.024360422455
16042216,16507.844343504752,1204.4993940447011
16042266,16507.125116567044,1204.3528791944675
16042316,16507.125116567044,1204.3528791944675
16042366,16506.680712439895,1200.923784696971
16042416,16506.612063113702,1201.122572587181
16042466,16506.598822009582,1200.167162712174
16042516,16486.74216000367,1198.9797025692878
16042566,16468.907994995297,1198.0422868109824
16042616,16469.999561992634,1197.1227566380144
16042666,16470.431072151157,1197.57227394266
16042716,16470.80850448536,1197.749541416225
16042766,16478.36149586924,1198.2290470975001
16042816,16533.56590071782,1201.6586126209454
16042866,16498.533112997986,1201.2343390328233
16042916,16493.0380629692,1201.3879976544915
16042966,16504.552415723923,1202.6558062790348
16043016,16507.221247596335,1203.1448780415074
16043066,16506.68809014521,1202.539101956309
16043116,16504.66554842571,1202.7649535732185
16043166,16505.2493854143,1203.6050359282833
16043216,16505.2493854143,1203.6050359282833
16043266,16512.551192291754,1204.0915293097703
16043316,16547.88331527453,1204.3681272542537
16043366,16566.365821667376,1201.640707127628
16043416,16573.01824365027,1203.1307500602693
16043466,16580.456376782633,1201.644055143518
16043516,16583.50729220695,1199.5792569461407
16043566,16584.213260925186,1198.3301142329187
16043616,16584.88290807828,1196.1961093736409
16043666,16585.60785885772,1194.9695161617697
16043716,16585.75390859338,1195.232819003456
16043766,16585.032608454236,1195.1614013612784
16043816,16576.872515287847,1195.0958663409965
16043866,16541.562641657038,1195.3961731451925
16043916,16523.215524332503,1193.4734693682299
16043966,16472.438768517357,1190.2730300944586
16044016,16411.49501068347,1187.6640062037097
16044066,16393.656348781613,1186.3805208187944
16044116,16394.707119484778,1186.4538849134967
16044166,16392.221038727952,1186.8841343086276
16044216,16392.40970825016,1187.096218119623
16044266,16397.601562155392,1187.1864824185466
16044316,16400.468920996213,1186.9474560712463
16044366,16403.863011813803,1186.2092647454606
16044416,16395.267885264333,1186.2243708772687
16044466,16398.277052388567,1186.5734730773822
16044516,16389.35835484099,1186.03776415476
16044566,16382.288021761451,1186.4305704114417
16044616,16373.584197248741,1186.765933173975
16044666,16380.54122916757,1185.9577522205186
16044716,16384.501984011033,1182.2730144019154
16044766,16351.94544181551,1179.1288760796613
16044816,16332.135912841391,1177.7247588284042
16044866,16322.311709346148,1176.2076082487474
16044916,16318.924565728194,1176.3083974930357
16044966,16317.167569048035,1175.8672243116714
16045016,16315.465505681579,1176.7239554263435
16045066,16315.038267801416,1176.3224389232084
16045116,16301.405804786038,1175.7691803852988
16045166,16261.71097928834,1175.9751051972405
16045216,16261.54280681249,1176.778126337424
16045266,16263.878832180768,1177.258825477547
16045316,16272.183511950145,1179.346607923712
16045366,16288.317589974942,1180.462862564935
16045416,16287.842329994786,1182.5347357680844
16045466,16293.771636552556,1182.5162576656735
16045516,16288.522302141379,1182.3544136664418
16045566,16288.926386458776,1182.4856320629574
16045616,16311.471344758544,1183.573588058581
16045666,16320.572131431509,1183.7687207781091
16045716,16335.345266210606,1184.8180785403965
16045766,16348.681658757514,1184.366698445621
16045816,16345.966801833525,1183.746055753177
16045866,16345.966801833525,1183.746055753177
16045916,16334.527790123811,1180.5581323187232
16045966,16342.629489201005,1181.2707984597846
16046016,16337.836957986496,1181.4165703806814
16046066,16333.976284933808,1181.9952456390029
16046116,16333.581455833952,1182.076697669425
16046166,16333.438602042888,1182.4373790930529
16046216,16332.782071108782,1181.7192502644305
16046266,16325.697107579805,1180.4132936817982
16046316,16314.105016526073,1179.3091132269064
16046366,16309.322182558695,1180.050272205335
16046416,16309.92088958167,1180.2607202717174
16046466,16317.760621381509,1181.4933407548774
16046516,16317.760621381509,1181.4933407548774
16046566,16347.196133115483,1185.100516437035
16046616,16351.617086662249,1186.204368134787
16046666,16373.879059789044,1189.4248841274637
16046716,16374.264048928992,1191.609250509774
16046766,16370.432597673873,1193.1780938432967
16046816,16369.363459763,1194.435953465096
16046866,16369.016124155545,1194.2261646268796
16046916,16365.517331110326,1193.7817066741554
16046966,16368.166894744572,1194.5231582503104
16047016,16368.797179051968,1195.5276635384232
16047066,16369.040839270854,1196.452278906621
16047116,16371.272379297947,1195.823374061849
16047166,16367.504932741993,1193.737001684457
16047216,16350.673155906876,1192.4647850427891
16047266,16334.754224253125,1191.072653447997
16047316,16330.426544873106,1191.462736811331
16047366,16330.102181048958,1191.4752180980486
16047416,16332.657552515759,1191.749271199458
16047466,16336.804093237839,1191.091170237923
16047516,16337.781464611973,1189.4546131673703
16047566,16298.489522779102,1186.1279113590515
16047616,16289.059109471316,1185.6696403961291
16047666,16291.17743194388,1186.068610864095
16047716,16300.550502660404,1186.7023120590368
16047766,16316.518095970245,1189.321213302073
16047816,16340.330037510908,1190.9608213773336
16047866,16351.474332179541,1191.6507212399429
16047916,16352.498691630553,1191.6176727582072
16047966,16352.31309174757,1191.7407528183214
16048016,16338.829628849511,1190.2308997070231
16048066,16333.104590285688,1189.6588923138324
16048116,16326.822444546344,1189.4759110531536
16048166,16316.645450499262,1189.1294629501917
16048216,16301.030315210619,1187.3093598174505
16048266,16298.986441812249,1187.8436024061812
16048316,16296.091276934187,1186.932780094826
16048366,16292.840189193943,1187.145846803701
16048416,16301.95470490764,1188.873027796104
16048466,16296.179609359497,1189.4422365707785
16048516,16295.359229323016,1190.3986448024502
16048566,16287.61516188997,1191.1631524697043
16048616,16286.167439477476,1191.7842181175834
16048666,16285.078131187516,1191.5475003610331
16048716,16312.575106487562,1193.3480029012878
16048766,16314.232267013389,1192.5067136844773
16048816,16303.556497291007,1192.4171656673466
16048866,16300.210284354467,1192.7840362025345
16048916,16318.686413263371,1193.0270881661197
16048966,16308.414016335973,1192.0635382102291
16049016,16298.532669024204,1192.188066333629
16049066,16300.616827474189,1193.1083333281322
16049116,16308.126487878106,1195.2470092890535
16049166,16302.152724473683,1195.8932453210512
16049216,16310.739394577937,1197.3624803378184
16049266,16314.260343633428,1197.6390978807274
16049316,16310.568703520861,1198.0698601043268
16049366,16304.841347332458,1197.7398134247449
16049416,16342.81240297168,1201.7521547921476
16049466,16322.483961882564,1201.5657702179287
16049516,16316.53351650939,1202.3237670750057
16049566,16312.102688646775,1202.049777310196
16049616,16309.06457552237,1201.9747477240405
16049666,16281.261130106344,1201.7201656518253
16049716,16267.57415133496,1200.7955073219005
16049766,16258.08697074296,1200.2962748930972
16049816,16257.02210560731,1200.4852566638049
16049866,16250.06106399484,1199.9816715362988
16049916,16276.216684990519,1203.4172378321703
16049966,16251.472608964536,1200.9880026297362
16050016,16245.487968032876,1200.530533545041
16050066,16252.83593751906,1200.6721307862404
16050116,16237.30002617912,1199.1743769800826
16050166,16231.988622194298,1199.116464015939
16050216,16239.16218878451,1199.8526439797733
16050266,16231.242492268439,1199.4678721993255
16050316,16266.63081557222,1200.6348286329219
16050366,16282.957350411303,1200.1100287145246
16050416,16302.846872918877,1200.6604430419518
16050466,16320.502311644444,1199.6610657714032
16050516,16322.082629761178,1199.354740187744
16050566,16331.281216863143,1199.603128908955
16050616,16352.509360064158,1199.7795250248334
16050666,16381.27457368955,1203.4437355230677
16050716,16377.219170585387,1203.7352384986455
16050766,16388.604108142088,1205.0837720534412
16050816,16419.207617257016,1208.8947818415609
16050866,16456.24793113617,1213.061570718129
16050916,16487.43375278139,1218.8466498057894
16050966,16500.25178688176,1220.9292396270073
16051016,16503.241977342215,1220.6577722902362
16051066,16510.13239754214,1220.4007450644904
16051116,16520.625416952054,1221.3614439193648
16051166,16585.862558185847,1226.1775482375072
16051216,16567.781948762455,1224.3920573300406
16051266,16556.675502296137,1223.5013810544758
16051316,16539.315681316875,1222.0616199068377
16051366,16526.06182026421,1220.1713846559642
16051416,16511.431825613206,1219.0292767589667
16051466,16501.43561844029,1217.7067195703105
16051516,16498.931507601385,1217.5450567476112
16051566,16498.92770960874,1217.8266854703022
16051616,16498.92014344722,1217.372977462852
16051666,16494.826076864032,1217.3201079042058
16051716,16487.667742971327,1217.068533914525
16051766,16490.49087517004,1216.4376258566206
16051816,16499.71679247936,1217.2844167830362
16051866,16505.203361896736,1217.3454416370964
16051916,16498.03385356826,1220.3446746892757
16051966,16494.427923370746,1221.8816800206914
16052016,16492.067660829493,1222.5222146723738
16052066,16491.633666151618,1222.1609938063023
16052116,16499.511791487523,1222.9513015361674
16052166,16507.86332527858,1223.0188738169895
16052216,16515.046454573312,1223.2026809980255
16052266,16511.187802735625,1221.9715938499717
16052316,16492.99886645774,1220.3280381357215
16052366,16478.952519295523,1218.8634300002059
16052416,16469.401538922466,1218.6750932748591
16052466,16459.85930026206,1218.302625519012
16052516,16454.96102397945,1217.8757425770673
16052566,16454.96102397945,1217.8757425770673
16052616,16448.57386417384,1217.3428558393025
16052666,16440.982008654464,1216.869246174093
16052716,16430.539189736148,1216.6085670606947
16052766,16423.62352095809,1216.2361578430734
16052816,16421.09496709641,1217.1146883389447
16052866,16418.723529245035,1218.757369715992
16052916,16448.739297197037,1219.6772675296133
16052966,16490.995715614532,1219.1294724664513
16053016,16515.945933106646,1219.1052141383764
16053066,16497.969271984024,1218.6466009396515
16053116,16466.997382328525,1217.5522776083972
16053166,16460.33139256905,1217.5657552027612
16053216,16466.83041894041,1218.1755984169695
16053266,16481.38666867141,1219.5620498735304
16053316,16479.833339583787,1219.6595939492054
16053366,16473.850454057105,1219.4574199542913
16053416,16470.485974557323,1220.7387380885675
16053466,16476.713724263245,1221.142296616243
16053516,16490.629169478776,1222.0780289181805
16053566,16508.88195196538,1222.255959690139
16053616,16516.468422293023,1222.5678182595823
16053666,16522.797372170407,1221.8044919481424
16053716,16515.024925600635,1221.712285040425
16053766,16500.053605255584,1221.7759329348619
16053816,16479.242410477465,1221.262634724733
16053866,16471.42153460423,1221.0692555989167
16053916,16473.18020146615,1221.2913401853768
16053966,16471.430343627046,1220.8761997341985
16054016,16471.430343627046,1220.8761997341985
16054066,16479.278271384766,1221.180046836911
16054116,16484.310706670047,1221.1664802522646
16054166,16481.878475908008,1220.8376716793891
16054216,16485.63049512433,1220.9794579988202
16054266,16480.58629898414,1219.3444100405156
16054316,16476.363071190463,1219.6618040050757
16054366,16475.98709619223,1219.7865619171607
16054416,16483.621183980144,1220.1877752010219
16054466,16485.37846851927,1220.2740282138163
16054516,16486.839625121003,1221.0138473770521
16054566,16487.91223448639,1220.8506689256876
16054616,16500.435837753743,1221.5961062994415
16054666,16517.21727977771,1221.0238471727323
16054716,16524.267816543263,1221.809297509411
16054766,16528.411070575166,1222.796956070578
16054816,16521.887258544935,1223.1294771030807
16054866,16550.828864337203,1224.4537339419305
16054916,16524.58823722724,1220.4601047812462
16054966,16518.400592958005,1217.6792634484486
16055016,16518.20344634703,1215.8772785918375
16055066,16490.18299294204,1213.5751437836354
16055116,16478.814795121118,1212.9294671070054
16055166,16468.35352509181,1211.7915590329335
16055216,16484.808892005953,1214.6594936019785
16055266,16461.735690227568,1212.8451535260363
16055316,16481.269702216083,1212.710143163853
16055366,16521.319911973766,1213.3260099276624
16055416,16514.50033500242,1214.1117404390845
16055466,16500.5949593931,1213.131445093718
16055516,16479.308655761324,1212.7539438731887
16055566,16456.00762071925,1210.824079758931
16055616,16435.51480101343,1211.1494127310998
16055666,16429.671425101053,1211.644074877875
16055716,16425.80573089261,1212.234276787733
16055766,16422.615851897346,1212.9534643177951
16055816,16422.615851897346,1212.9534643177951
16055866,16422.615851897346,1212.9534643177951
16055916,16420.50555474693,1213.3167995183933
16055966,16420.07246664568,1213.2739082463918
16056016,16421.90939302403,1212.3151405524993
16056066,16418.89405763721,1210.8942421421848
16056116,16413.491651118195,1209.5069695967718
16056166,16410.83006657138,1207.355599853872
16056216,16409.99536534666,1207.2230921094135
16056266,16409.373158553597,1208.3927967449324
16056316,16408.714741362288,1208.0852075666585
16056366,16408.64012038998,1207.8430719388923
16056416,16397.945888536713,1207.1621347791463
16056466,16390.202743169622,1207.3248478849696
16056516,16387.652755276788,1207.6974133256958
16056566,16387.652755276788,1207.6974133256958
16056616,16390.384902302776,1208.2561047665572
16056666,16393.023259174104,1208.3128689613904
16056716,16402.86692272793,1207.9958915947218
16056766,16409.781045689426,1208.4083145671416
16056816,16408.837468869915,1208.7191868348548
16056866,16419.45900190462,1209.8704091192512
16056916,16425.362914256286,1210.3169282470997
16056966,16425.362914256286,1210.3169282470997
16057016,16434.837133223144,1210.1849366111724
16057066,16434.837133223144,1210.1849366111724
16057116,16435.384379552474,1210.0707901967291
16057166,16429.428137771123,1208.4932312113876
16057216,16420.70720164943,1207.326091485032
16057266,16382.444369589743,1204.383897583334
16057316,16359.923649227208,1202.5158918771565
16057366,16356.403634903394,1203.182108464119
16057416,16354.057730965418,1204.5499632388137
16057466,16362.596288519317,1205.7420042581196
16057516,16361.818342053119,1205.056464549619
16057566,16359.59043158189,1205.4099738535447
16057616,16372.404268366896,1206.3715573024672
16057666,16377.175194797659,1206.4252165246721
16057716,16380.311928791827,1206.3857499670698
16057766,16380.387309998741,1206.2041804406786
16057816,16387.184368696573,1207.1827230846566
16057866,16381.415909513524,1206.5572674261261
16057916,16384.532195755506,1206.6803686836363
16057966,16385.593008433523,1206.8235713429287
16058016,16386.946616257617,1207.6902409977886
16058066,16387.330560365168,1208.5307515981037
16058116,16387.330560365168,1208.5307515981037
16058166,16387.62483066371,1210.2632580907164
16058216,16387.62483066371,1210.2632580907164
16058266,16411.83875944362,1212.5334867312417
16058316,16414.681271178484,1213.570189567465
16058366,16421.224190840294,1214.3546299262623
16058416,16421.479944713607,1214.2781204270163
16058466,16410.294312043523,1213.9466037347593
16058516,16435.400839128,1214.9363230224114
16058566,16443.762758367993,1214.8442056244967
16058616,16446.01039034692,1214.7058253630032
16058666,16450.819014135915,1214.990018506273
16058716,16451.932036356997,1215.6825866035688
16058766,16452.359913030567,1215.861230419017
16058816,16452.359913030567,1215.861230419017
16058866,16452.911598317765,1216.352889792431
16058916,16450.962475066764,1216.1198663157174
16058966,16462.642495547978,1217.9815032412287
16059016,16468.343228914266,1218.7875121940394
16059066,16470.96598944151,1220.1715225319545
16059116,16475.136677872153,1220.0601341983786
16059166,16491.231258717893,1220.0015466608343
16059216,16495.7922284001,1220.1259151369325
16059266,16486.35884320232,1219.2999270116177
16059316,16489.114804227946,1218.546912023598
16059366,16489.770235926484,1218.2026885154203
16059416,16481.109701551566,1217.657495004541
16059466,16477.969316165345,1217.4491986514422
16059516,16490.837881792566,1218.5545557099317
16059566,16502.38199233814,1219.3817243937053
16059616,16502.850549105755,1219.8547923547044
16059666,16491.31780400555,1219.438390489439
16059716,16490.5845635847,1219.1004582958408
16059766,16500.300967568215,1218.1980223124617
16059816,16498.826563272694,1218.1599136057293
16059866,16484.316608588277,1217.8274934786828
16059916,16484.072106905583,1218.2025677451547
16059966,16485.042530891904,1218.302021428677
16060016,16485.67330242531,1217.9097294382645
16060066,16491.261122451215,1217.7106914830765
16060116,16493.25480213321,1218.2640945743747
16060166,16493.893051719864,1217.043750312188
16060216,16493.893051719864,1217.043750312188
16060266,16493.893051719864,1217.043750312188
16060316,16495.239121143404,1212.436705989011
16060366,16495.252211889532,1212.2847735383111
16060416,16490.32757174397,1211.5643051169511
16060466,16471.199877804884,1211.220379707383
16060516,16458.36491543274,1211.6527434744726
16060566,16460.216063864387,1212.6722518512076
16060616,16463.008849416066,1212.5047603644305
16060666,16477.645983786715,1211.6066612831412
16060716,16472.098859258742,1212.0887832930102
16060766,16466.56356023736,1212.6581534479685
16060816,16472.7830816203,1214.6257509792038
16060866,16486.586683019857,1215.9009119833572
16060916,16473.69531522101,1214.3316059150113
16060966,16469.180642104937,1214.5494491623351
16061016,16461.521497183705,1214.9587589881207
16061066,16459.960029756534,1215.2484318294842
16061116,16468.868749685247,1214.8341755867787
16061166,16473.48248094353,1214.3449351424779
16061216,16477.341449167332,1214.51323011085
16061266,16481.882878466968,1215.0098984510782
16061316,16485.571544144666,1214.9871545783612
16061366,16483.62658682563,1214.6215541762317
16061416,16483.26679029421,1215.243656181228
16061466,16486.74926335113,1216.105286709437
16061516,16485.456879243364,1215.069621797617
16061566,16484.743135457866,1214.6820642514112
16061616,16484.412447836996,1213.7878137534099
16061666,16484.100877395216,1213.3116257257323
16061716,16472.867942056375,1212.9414231135643
16061766,16467.1312946825,1212.7942064936137
16061816,16470.661330337123,1212.5506892641329
16061866,16471.417778001185,1213.2243142465084
16061916,16471.873315133013,1213.5909531815212
16061966,16472.438005459284,1214.1193100496919
16062016,16472.54219716021,1210.2884302148154
16062066,16472.644706709314,1211.759126700887
16062116,16482.645165845137,1212.2473324564126
16062166,16491.942884941098,1212.048502037102
16062216,16487.71116537289,1212.7585498952465
16062266,16494.007590755395,1213.3950969688212
16062316,16495.42500162216,1214.200632808659
16062366,16522.6597817709,1216.1754715874406
16062416,16518.542993500585,1216.7850465990941
16062466,16529.33284326615,1217.641337739559
16062516,16534.208605722135,1217.937023218733
16062566,16533.54071443223,1217.9545675757072
16062616,16532.943569478095,1218.6418879844107
16062666,16525.559408672343,1217.4029776150855
16062716,16520.87133180907,1215.844538388662
16062766,16487.416325474645,1214.9283505728001
16062816,16477.21367124561,1214.5397238407324
16062866,16466.018611063606,1214.116071083944
16062916,16464.964292123765,1214.2623888341673
16062966,16464.964292123765,1214.2623888341673
16063016,16465.33090488318,1218.2771893866534
16063066,16476.056684735104,1217.1493840083608
16063116,16483.08770898848,1216.4488502810343
16063166,16485.333014082833,1216.8298566112633
16063216,16487.488292897262,1217.0249978902511
16063266,16527.01767589606,1217.6756613577775
16063316,16524.251124146056,1217.5884148477992
16063366,16516.372061015547,1217.07178032567
16063416,16509.61804020741,1216.4336582648639
16063466,16503.960401692573,1216.107993541584
16063516,16503.148003270355,1215.8596945380903
16063566,16489.643478357873,1214.1345555980135
16063616,16485.416391590203,1213.7856796733827
16063666,16476.81965479033,1213.7674076852697
16063716,16473.519266623385,1213.6628077614148
16063766,16481.267372389582,1213.6838700623825
16063816,16481.267372389582,1213.6838700623825
16063866,16481.267372389582,1213.6838700623825
16063916,16496.109827504806,1213.319115675353
16063966,16496.0969321801,1214.1390259432028
16064016,16500.714699445234,1214.3246966631518
16064066,16503.523223709,1215.0347090698554
16064116,16499.787375209526,1215.3449403973314
16064166,16497.776103470398,1215.601628410862
16064216,16497.776103470398,1215.601628410862
16064266,16508.184422104205,1216.612839079255
16064316,16513.14740500733,1216.9037813324433
16064366,16512.87816490541,1215.8376232060314
16064416,16504.3110670086,1215.8569149094615
16064466,16499.862503485416,1216.366704624188
16064516,16495.466489897,1214.400606838224
16064566,16474.052007776914,1209.6606824098537
16064616,16464.245611559963,1205.2938323638493
16064666,16424.988241514002,1201.9119152955025
16064716,16406.13083443432,1200.6266213833137
16064766,16380.764500093723,1196.6608816156831
16064816,16376.61195491946,1196.3000616300963
16064866,16374.458897487675,1195.8446669406392
16064916,16372.920244081404,1196.64145115836
16064966,16376.241185081182,1196.607705523867
16065016,16392.36235441575,1197.6186446275156
16065066,16399.5148372992,1197.0919392502694
16065116,16400.18045760113,1195.68264554735
16065166,16334.621378505473,1190.3484553122767
16065216,16265.718378171448,1185.4175887905012
16065266,16223.629324883555,1177.1548716602033
16065316,16198.767380443398,1170.7304051844822
16065366,16142.452157699588,1167.7829414138087
16065416,16114.186849594345,1167.7602585759344
16065466,16085.087639057969,1166.6725691783688
16065516,16095.339384353148,1167.3261941502778
16065566,16109.146732304733,1167.7756706804246
16065616,16110.07136908941,1167.4853254935238
16065666,16119.20284950659,1163.8912163276195
16065716,16121.179640601898,1165.3198710616778
16065766,16123.461587641925,1167.9129806764663
16065816,16132.736876367531,1167.9127025813675
16065866,16140.808415522775,1169.0893335117396
16065916,16135.216196212334,1170.8725296802447
16065966,16123.270900758267,1171.8899581790974
16066016,16123.270900758267,1171.8899581790974
16066066,16116.72696087939,1173.1228083357341
16066116,16115.788539968717,1173.188285719249
16066166,16114.839708720672,1174.6946090474694
16066216,16114.636384657004,1174.4980014234702
16066266,16114.636384657004,1174.4980014234702
16066316,16114.353211886388,1174.7804832588383
16066366,16114.331550029394,1174.1349381858179
16066416,16114.317289221415,1173.2090665169526
16066466,16103.535864884192,1171.8060670301688
16066516,16093.836742047264,1171.474858597929
16066566,16089.891082675374,1170.1670046241302
16066616,16087.359610151565,1169.3956265144157
16066666,16087.359610151565,1169.3956265144157
16066716,16094.50426000203,1169.3755849960457
16066766,16095.53325483227,1170.548548863924
16066816,16095.766549571872,1171.1761872041118
16066866,16097.91479170356,1171.937875439725
16066916,16110.440414925308,1173.1894729144199
16066966,16113.913785585702,1173.0105393365398
16067016,16117.614761704928,1173.414171495849
16067066,16119.924306543204,1173.7770217453067
16067116,16121.689858976317,1172.2981885334882
16067166,16121.932032462266,1172.0298604151972
16067216,16125.098776531335,1172.482231367103
16067266,16125.94644673618,1172.6105236335516
16067316,16126.293570787728,1172.210495706439
16067366,16126.293570787728,1172.210495706439
16067416,16152.88773235823,1173.3663641309784
16067466,16163.046355720551,1174.6441125254146
16067516,16165.644542146762,1175.022685798455
16067566,16166.667219221685,1173.9412856078015
16067616,16159.386932725121,1173.0615823257476
16067666,16159.386932725121,1173.0615823257476
16067716,16128.578138385205,1171.3554553094457
16067766,16126.765550181279,1171.5066793106116
16067816,16122.64593572579,1170.3734765536087
16067866,16116.564843939414,1169.9037039354293
16067916,16115.110174128324,1170.361888258448
16067966,16115.110174128324,1170.361888258448
16068016,16147.205705572354,1170.8431062793145
16068066,16161.61142130317,1169.5934725512639
16068116,16165.778446815217,1169.8326551646937
16068166,16167.420440499049,1170.5811454696002
16068216,16173.407283837512,1171.5346844222404
16068266,16175.395577405254,1171.0990861079497
16068316,16175.073666770586,1170.8868576627922
16068366,16159.95502065722,1170.357419236186
16068416,16162.497385775961,1170.4490102226355
16068466,16173.093331185632,1171.318680683066
16068516,16185.675124259351,1172.8556719462279
16068566,16173.27330046203,1172.554395197896
16068616,16167.889412406232,1171.915565219979
16068666,16167.889412406232,1171.915565219979
16068716,16167.889412406232,1171.915565219979
16068766,16127.635786940324,1170.0718611570774
16068816,16123.59406911463,1169.98448485854
16068866,16122.700649090686,1170.2679995051722
16068916,16122.719247058098,1170.5478648782457
16068966,16122.723445633972,1170.3528098209374
16069016,16134.0091002778,1170.1706276508878
16069066,16136.004688992287,1170.008499397058
16069116,16140.0152858643,1171.5847360118792
16069166,16174.931429513008,1174.0266743184552
16069216,16200.817022853462,1174.4760401510919
16069266,16199.032361036381,1172.902290144094
16069316,16182.484049336244,1167.5654700936566
16069366,16157.61790155228,1165.090085068074
16069416,16157.61790155228,1165.090085068074
16069466,16134.99284422225,1162.3973931557393
16069516,16123.592713493634,1161.9940142882
16069566,16109.865917381618,1161.9410472059985
16069616,16093.310269827321,1160.4923974844114
16069666,16069.949181984404,1158.2936979827914
16069716,16068.766598563738,1159.4285697619102
16069766,16090.53189278869,1162.7833578152638
16069816,16123.545735498881,1165.743686746014
16069866,16221.678928781848,1171.9142264079958
16069916,16257.530992064583,1174.703629767729
16069966,16265.592503582116,1175.679150606319
16070016,16267.38027579594,1176.2843716612992
16070066,16245.919175727253,1176.3383573030592
16070116,16231.367970699113,1175.3949379925537
16070166,16211.99092745996,1173.8215132227353
16070216,16182.052900049852,1171.9925941368701
16070266,16180.375752922564,1171.957874689949
16070316,16158.31500776383,1171.7380943288858
16070366,16154.993469511192,1171.636328891214
16070416,16155.171876160543,1171.3111246970082
16070466,16157.534225293719,1169.780464906938
16070516,16153.913008491018,1168.6615764415865
16070566,16148.145959703379,1168.1965664648556
16070616,16142.623258321017,1168.452038387683
16070666,16138.34777674711,1169.2049916847939
16070716,16137.954768738507,1169.6903144332698
16070766,16136.65204064388,1171.0553375908792
16070816,16158.338044657023,1170.8512524749765
16070866,16176.837911181248,1171.0411828550184
16070916,16187.746756643774,1171.2321111977005
16070966,16191.884731464565,1172.1145717856857
16071016,16194.00309011008,1172.7053069628837
16071066,16207.308647686108,1173.132714316188
16071116,16214.591318895216,1171.8803964863482
16071166,16218.443321133112,1172.2802183072433
16071216,16216.133474562366,1171.8761833232059
16071266,16214.929506537024,1171.7380869579415
block_number,price0,price1
16071316,16208.20298159311,1172.2801730159354
16071366,16194.604254282334,1172.436113109527
16071416,16184.741650902599,1172.2139864893318
16071466,16180.299394389776,1172.257826372147
16071516,16168.221144767382,1172.3105869043984
16071566,16166.456213633666,1172.556905788654
16071616,16175.683719845523,1172.115735705631
16071666,16177.057904051055,1170.9231026921016
16071716,16177.541240944282,1170.2726437451247
16071766,16166.111507355483,1169.7002345585393
16071816,16168.141456620895,1170.4031780992648
16071866,16169.494353025313,1170.2282093647696
16071916,16172.42540338538,1168.166821308779
16071966,16172.625134503263,1168.2839655774726
16072016,16160.070025746963,1166.752327082834
16072066,16144.948828810268,1165.6399023491165
16072116,16144.948828810268,1165.6399023491165
16072166,16113.268074025842,1164.12420430002
16072216,16128.56075699405,1165.8150129045239
16072266,16136.941507444424,1166.912078670445
16072316,16141.07956831218,1167.3261285335277
16072366,16144.781019359143,1166.5823146717426
16072416,16142.137828138559,1167.0478205773707
16072466,16160.15702215823,1170.181781460312
16072516,16183.442387143587,1174.6517732050304
16072566,16189.406397888188,1175.2459220964852
16072616,16197.1801806937,1177.2126815513234
16072666,16207.214022746726,1179.174692599299
16072716,16230.52207332802,1180.7188500774855
16072766,16242.02059749956,1182.3029915087839
16072816,16245.175860076271,1182.966925142422
16072866,16245.175860076271,1182.966925142422
16072916,16229.90996827502,1183.2212752015794
16072966,16227.387068785469,1183.9309641155342
16073016,16226.520245010799,1184.6970505607862
16073066,16226.520245010799,1184.6970505607862
16073116,16226.520245010799,1184.6970505607862
16073166,16247.063731337284,1186.1284841847018
16073216,16278.461640369369,1186.519894801492
16073266,16305.564363372378,1188.575123127427
16073316,16322.89239521456,1190.9750370913855
16073366,16348.698783654008,1193.2351142515042
16073416,16357.936711434968,1194.1083962740454
16073466,16406.659925568038,1199.1693939791433
16073516,16432.318333352745,1203.56866281098
16073566,16448.09350172882,1207.3556039697148
16073616,16452.449947639696,1207.289097183384
16073666,16456.561718427987,1208.1594686986407
16073716,16458.73270919533,1207.7719052732114
16073766,16459.42673901559,1207.5425878515482
16073816,16459.898069881954,1208.4382517890797
16073866,16456.214320346233,1208.19149115362
16073916,16456.214320346233,1208.19149115362
16073966,16442.167447885102,1205.9025108314786
16074016,16432.06841838906,1205.2127827793825
16074066,16426.328347839062,1205.2862734264834
16074116,16426.328347839062,1205.2862734264834
16074166,16428.91850901487,1208.1829891253
16074216,16429.689483108188,1208.8762475804328
16074266,16429.689483108188,1208.8762475804328
16074316,16429.99254771718,1206.5202500209973
16074366,16430.01700924536,1206.2136030709746
16074416,16430.060244575445,1207.4250863481493
16074466,16430.08345359192,1206.5605693429163
16074516,16430.084884296342,1207.4643833633345
16074566,16430.091075156448,1212.5821132331985
16074616,16435.070070654005,1214.8616713571937
16074666,16445.952352871907,1216.027879668338
16074716,16445.952352871907,1216.027879668338
16074766,16471.47650828397,1214.8301643211596
16074816,16471.47650828397,1214.8301643211596
16074866,16488.32205594902,1215.584622837075
16074916,16469.900879323985,1214.164779840562
16074966,16460.71297290708,1216.079455357374
16075016,16455.21861954116,1215.329243649518
16075066,16455.21861954116,1215.329243649518
16075116,16463.982415432565,1214.6114779300144
16075166,16479.2964801801,1214.4801174140762
16075216,16498.779625931496,1216.506020342741
16075266,16476.483339613453,1216.981649369217
16075316,16480.738523695418,1216.4102352301272
16075366,16493.26457892778,1217.8918320647917
16075416,16487.437858193378,1218.5090480159768
16075466,16478.117424799566,1217.5878346035527
16075516,16478.117424799566,1217.5878346035527
16075566,16465.042124479325,1216.8312122688055
16075616,16472.48813733481,1217.0965822049284
16075666,16458.42204730902,1217.218880217825
16075716,16450.148310040935,1217.7773193506055
16075766,16447.82406684847,1216.492622486884
16075816,16446.163650048707,1217.3698821010178
16075866,16445.121284982593,1215.7758196192938
16075916,16444.662497774418,1214.7612479147988
16075966,16444.524846554832,1215.354898021289
16076016,16444.445216788274,1213.5988343033232
16076066,16444.392207907284,1211.5176142692092
16076116,16416.967916132548,1209.487220572408
16076166,16416.967916132548,1209.487220572408
16076216,16396.535774186294,1209.1734910792127
16076266,16393.047282174637,1208.3130905845755
16076316,16391.710892637795,1208.9582275345522
16076366,16389.660701931407,1211.168094936494
16076416,16396.88928506187,1211.823063725209
16076466,16361.735573967822,1208.0711206874466
16076516,16366.642130866994,1207.0260674542506
16076566,16378.598606965601,1208.0271449177958
16076616,16387.373456004345,1211.9243030143436
16076666,16388.85227415644,1211.9355114296404
16076716,16389.290823789204,1210.786829250857
16076766,16369.032841483599,1209.1093132493884
16076816,16364.40569157048,1207.5724672101471
16076866,16362.15171243729,1207.6250801236768
16076916,16359.9531803969,1209.6955853218271
16076966,16377.884673071308,1210.3755168722644
16077016,16393.85308808049,1210.704265328191
16077066,16393.23745882963,1211.326304570138
16077116,16393.062373702538,1210.8381245367154
16077166,16392.508983825715,1210.1120254358348
16077216,16375.409223515264,1208.1232113443782
16077266,16370.585073452365,1208.299807760146
16077316,16370.585073452365,1208.299807760146
16077366,16367.806839281937,1209.5908053047547
16077416,16372.207930742888,1209.8082597384525
16077466,16372.207930742888,1209.8082597384525
16077516,16372.207930742888,1209.8082597384525
16077566,16377.193798957498,1208.2743007379975
16077616,16377.809679445856,1212.0503897495003
16077666,16392.023231520587,1213.1588374405064
16077716,16392.023231520587,1213.1588374405064
16077766,16434.6460861395,1215.1912165287038
16077816,16443.07677843736,1215.8008463859323
16077866,16455.513708469934,1216.4917861840613
16077916,16464.28653689667,1215.7219854304951
16077966,16452.326156079107,1218.0137875443174
16078016,16458.589996453185,1219.909253163984
16078066,16459.52717429542,1219.9370969210306
16078116,16448.73508808379,1219.610951141758
16078166,16442.20739713903,1220.2530087266593
16078216,16439.14495848443,1220.6559303176946
16078266,16438.527620960973,1220.9160122782775
16078316,16438.04700257564,1222.4449616822033
16078366,16437.879282014896,1221.6440963050095
16078416,16437.7518341459,1220.681141951793
16078466,16437.70223427094,1221.4930384643542
16078516,16437.32969455579,1222.079083854415
16078566,16437.155694020075,1221.5228303516508
16078616,16437.090069746635,1220.3848118939438
16078666,16437.090069746635,1220.3848118939438
16078716,16437.042231940617,1218.6602932487128
16078766,16437.041460942597,1218.786805765542
16078816,16437.032217831,1219.8139266265373
16078866,16437.030646957224,1219.8650842302056
16078916,16436.08946574545,1219.4822615045457
16078966,16437.56743427025,1219.6275257172883
16079016,16437.56743427025,1219.6275257172883
16079066,16446.063459030003,1217.7583475750876
16079116,16447.702172135054,1216.9755824621213
16079166,16448.84666913303,1217.5732433881208
16079216,16449.211681061708,1217.0829199119717
16079266,16449.34312899649,1218.4606647030726
16079316,16547.551958613753,1234.6548126251598
16079366,16690.442354958497,1256.162238185188
16079416,16779.188245870282,1266.0533690044444
16079466,16813.33015299973,1269.0022004640434
16079516,16827.087319441893,1269.4669923020037
16079566,16830.423863840246,1268.359786201076
16079616,16832.133540168932,1269.733417126432
16079666,16834.64472440334,1271.5220748207582
16079716,16850.092408540044,1273.0034288757392
16079766,16871.618219304753,1273.0248940042993
16079816,16911.950770257874,1272.297147006013
16079866,16957.73540167359,1276.3412893704822
16079916,16971.600782466274,1275.9197088708552
16079966,16982.724164527248,1274.7553336601864
16080016,16982.724164527248,1274.7553336601864
16080066,16933.603006395686,1272.4375771300786
16080116,16928.556273982074,1273.2191110074762
16080166,16930.845278914465,1272.3075880014621
16080216,16930.845278914465,1272.3075880014621
16080266,16891.552868370312,1271.4056553487117
16080316,16860.112277094362,1270.6580167522136
16080366,16857.445641716276,1268.7639768820475
16080416,16856.850485584357,1267.7203085756778
16080466,16855.530153369513,1267.7527550685586
16080516,16855.371289454044,1266.888365083328
16080566,16834.231405828104,1267.8672131672715
16080616,16826.215749902145,1268.4543917186704
16080666,16826.215749902145,1268.4543917186704
16080716,16859.429487665304,1268.892349278199
16080766,16860.165708403576,1269.2367164962186
16080816,16881.45783911518,1271.200288630163
16080866,16883.749760685234,1271.6707178747106
16080916,16875.69490516263,1272.0660619002372
16080966,16875.69490516263,1272.0660619002372
16081016,16875.69490516263,1272.0660619002372
16081066,16875.69490516263,1272.0660619002372
16081116,16875.69490516263,1272.0660619002372
16081166,16875.69490516263,1272.0660619002372
16081216,16826.55232532464,1269.4564939699965
16081266,16826.55232532464,1269.4564939699965
16081316,16826.206531290114,1268.3785751083044
16081366,16826.206531290114,1268.3785751083044
16081416,16826.0402155261,1267.860130563697
16081466,16826.016389689466,1270.7089887806114
16081516,16826.016389689466,1270.7089887806114
16081566,16841.153274239663,1272.961278652504
16081616,16865.865866076223,1272.5311250407476
16081666,16891.297099695872,1270.7551455895732
16081716,16879.715474675977,1269.0671048688343
16081766,16879.715474675977,1269.0671048688343
16081816,16874.036644254265,1267.943177164879
16081866,16874.036644254265,1267.943177164879
16081916,16870.32920578451,1268.2134485886704
16081966,16870.32920578451,1268.2134485886704
16082016,16857.696554086786,1265.142884971162
16082066,16857.696554086786,1265.142884971162
16082116,16853.24823243379,1266.2463871938164
16082166,16852.038419678316,1264.8078930071038
16082216,16852.038419678316,1264.8078930071038
16082266,16852.038419678316,1264.8078930071038
16082316,16852.038419678316,1264.8078930071038
16082366,16851.38726040483,1267.15960155108
16082416,16851.38164057423,1267.1912310022833
16082466,16851.357322774806,1266.9091260566388
